{
    "gesamt_euro": 2523.0899999999997,
    "gesamt_anzahl": 209,
    "einzeltickets_euro": 761.7800000000001,
    "einzeltickets_anzahl": 81,
    "vierertickets_euro": 1105.6699999999998,
    "vierertickets_anzahl": 33,
    "gruppenticket5_euro": 343.7699999999999,
    "gruppenticket5_anzahl": 45,
    "gruppenticket10_euro": 311.87,
    "gruppenticket10_anzahl": 50
}