{
    "gesamt_euro": 2660.8999999999996,
    "gesamt_anzahl": 212,
    "einzeltickets_euro": 761.7800000000001,
    "einzeltickets_anzahl": 81,
    "vierertickets_euro": 1243.4799999999998,
    "vierertickets_anzahl": 36,
    "gruppenticket5_euro": 343.7699999999999,
    "gruppenticket5_anzahl": 45,
    "gruppenticket10_euro": 311.87,
    "gruppenticket10_anzahl": 50
}