{
    "gesamt_euro": 2700.4999999999995,
    "gesamt_anzahl": 213,
    "einzeltickets_euro": 761.7800000000001,
    "einzeltickets_anzahl": 81,
    "vierertickets_euro": 1283.0799999999997,
    "vierertickets_anzahl": 37,
    "gruppenticket5_euro": 343.7699999999999,
    "gruppenticket5_anzahl": 45,
    "gruppenticket10_euro": 311.87,
    "gruppenticket10_anzahl": 50
}